<keymap version="1" name="macOS copy" parent="Mac OS X 10.5+">
  <action id="$LRU">
    <keyboard-shortcut first-keystroke="ctrl meta alt o" />
  </action>
  <action id="ActivateAndroidEmulatorToolWindow">
    <keyboard-shortcut first-keystroke="shift meta numpad9" />
  </action>
  <action id="ActivateCommitToolWindow">
    <keyboard-shortcut first-keystroke="meta 0" />
    <keyboard-shortcut first-keystroke="shift meta numpad0" />
  </action>
  <action id="ActivateDebugToolWindow">
    <keyboard-shortcut first-keystroke="meta 5" />
    <keyboard-shortcut first-keystroke="shift meta numpad5" />
  </action>
  <action id="ActivateFavoritesToolWindow">
    <keyboard-shortcut first-keystroke="meta 2" />
    <keyboard-shortcut first-keystroke="shift meta numpad2" />
  </action>
  <action id="ActivateFindToolWindow">
    <keyboard-shortcut first-keystroke="meta 3" />
    <keyboard-shortcut first-keystroke="shift meta numpad3" />
  </action>
  <action id="ActivateLogcatToolWindow">
    <keyboard-shortcut first-keystroke="shift meta numpad8" />
    <keyboard-shortcut first-keystroke="shift meta numpad6" />
  </action>
  <action id="ActivateProjectToolWindow">
    <keyboard-shortcut first-keystroke="meta 1" />
    <keyboard-shortcut first-keystroke="shift meta numpad1" />
  </action>
  <action id="ActivateStructureToolWindow">
    <keyboard-shortcut first-keystroke="meta 7" />
    <keyboard-shortcut first-keystroke="shift meta numpad7" />
    <keyboard-shortcut first-keystroke="meta enter" />
  </action>
  <action id="ActivateTerminalToolWindow">
    <keyboard-shortcut first-keystroke="alt f12" />
    <keyboard-shortcut first-keystroke="shift meta numpad4" />
  </action>
  <action id="Android.SyncProject">
    <keyboard-shortcut first-keystroke="shift ctrl meta s" />
  </action>
  <action id="AndroidConnectDebuggerAction">
    <keyboard-shortcut first-keystroke="ctrl meta alt d" />
  </action>
  <action id="CIDR.Debugger.ShowInMemoryView" />
  <action id="CloseAllEditors">
    <keyboard-shortcut first-keystroke="shift meta w" />
  </action>
  <action id="CloseAllEditorsButActive">
    <keyboard-shortcut first-keystroke="shift ctrl meta w" />
  </action>
  <action id="CloseAllNotifications">
    <keyboard-shortcut first-keystroke="meta alt delete" />
  </action>
  <action id="Console.Execute.Multiline" />
  <action id="Console.SplitLine" />
  <action id="Debugger.AddToWatch">
    <keyboard-shortcut first-keystroke="ctrl meta alt w" />
  </action>
  <action id="Diff.ApplyLeftSide">
    <keyboard-shortcut first-keystroke="shift ctrl right" />
    <keyboard-shortcut first-keystroke="shift ctrl f7" />
  </action>
  <action id="DirDiffMenu.SynchronizeDiff.All" />
  <action id="Editor LRU">
    <keyboard-shortcut first-keystroke="ctrl meta alt o" />
  </action>
  <action id="EditorCodeBlockEnd">
    <keyboard-shortcut first-keystroke="meta alt close_bracket" />
    <keyboard-shortcut first-keystroke="shift meta alt down" />
  </action>
  <action id="EditorCodeBlockEndWithSelection">
    <keyboard-shortcut first-keystroke="shift meta alt close_bracket" />
    <keyboard-shortcut first-keystroke="shift ctrl meta alt down" />
  </action>
  <action id="EditorCodeBlockStart">
    <keyboard-shortcut first-keystroke="meta alt open_bracket" />
    <keyboard-shortcut first-keystroke="shift meta alt up" />
  </action>
  <action id="EditorCodeBlockStartWithSelection">
    <keyboard-shortcut first-keystroke="shift meta alt open_bracket" />
    <keyboard-shortcut first-keystroke="shift ctrl meta alt up" />
  </action>
  <action id="EditorDecreaseFontSize">
    <keyboard-shortcut first-keystroke="ctrl meta alt subtract" />
  </action>
  <action id="EditorIncreaseFontSize">
    <keyboard-shortcut first-keystroke="ctrl meta alt add" />
  </action>
  <action id="EditorNextWordInDifferentHumpsMode">
    <keyboard-shortcut first-keystroke="shift ctrl meta right" />
  </action>
  <action id="EditorNextWordInDifferentHumpsModeWithSelection">
    <keyboard-shortcut first-keystroke="shift ctrl meta up" />
  </action>
  <action id="EditorPreviousWordInDifferentHumpsMode">
    <keyboard-shortcut first-keystroke="shift ctrl meta left" />
  </action>
  <action id="EditorPreviousWordInDifferentHumpsModeWithSelection">
    <keyboard-shortcut first-keystroke="shift ctrl meta down" />
  </action>
  <action id="EditorSortLines">
    <keyboard-shortcut first-keystroke="shift ctrl meta o" />
  </action>
  <action id="EditorSplitLine" />
  <action id="FindNext">
    <keyboard-shortcut first-keystroke="meta g" />
    <keyboard-shortcut first-keystroke="shift ctrl meta alt numpad1" />
  </action>
  <action id="FindPrevious">
    <keyboard-shortcut first-keystroke="shift meta g" />
    <keyboard-shortcut first-keystroke="shift ctrl meta alt numpad0" />
  </action>
  <action id="Git.Branches">
    <keyboard-shortcut first-keystroke="ctrl meta alt b" />
  </action>
  <action id="Git.CompareWithBranch">
    <keyboard-shortcut first-keystroke="ctrl meta alt c" />
  </action>
  <action id="Git.CreateNewBranch">
    <keyboard-shortcut first-keystroke="shift ctrl meta alt b" />
  </action>
  <action id="Git.Rebase">
    <keyboard-shortcut first-keystroke="ctrl meta alt r" />
  </action>
  <action id="Git.Rebase.Continue">
    <keyboard-shortcut first-keystroke="shift ctrl meta alt r" />
  </action>
  <action id="GotoBookmark0">
    <keyboard-shortcut first-keystroke="ctrl 0" />
    <keyboard-shortcut first-keystroke="shift ctrl meta numpad0" />
  </action>
  <action id="GotoBookmark1">
    <keyboard-shortcut first-keystroke="ctrl 1" />
    <keyboard-shortcut first-keystroke="shift ctrl meta numpad1" />
  </action>
  <action id="GotoBookmark2">
    <keyboard-shortcut first-keystroke="ctrl 2" />
    <keyboard-shortcut first-keystroke="shift ctrl meta numpad2" />
  </action>
  <action id="GotoBookmark3">
    <keyboard-shortcut first-keystroke="ctrl 3" />
    <keyboard-shortcut first-keystroke="shift ctrl meta numpad3" />
  </action>
  <action id="GotoBookmark4">
    <keyboard-shortcut first-keystroke="ctrl 4" />
    <keyboard-shortcut first-keystroke="shift ctrl meta numpad4" />
  </action>
  <action id="GotoBookmark5">
    <keyboard-shortcut first-keystroke="ctrl 5" />
    <keyboard-shortcut first-keystroke="shift ctrl meta numpad5" />
  </action>
  <action id="GotoBookmark6">
    <keyboard-shortcut first-keystroke="ctrl 6" />
    <keyboard-shortcut first-keystroke="shift ctrl meta numpad6" />
  </action>
  <action id="GotoBookmark7">
    <keyboard-shortcut first-keystroke="ctrl 7" />
    <keyboard-shortcut first-keystroke="shift ctrl meta numpad7" />
  </action>
  <action id="GotoBookmark8">
    <keyboard-shortcut first-keystroke="ctrl 8" />
    <keyboard-shortcut first-keystroke="shift ctrl meta numpad8" />
  </action>
  <action id="GotoBookmark9">
    <keyboard-shortcut first-keystroke="ctrl 9" />
    <keyboard-shortcut first-keystroke="shift ctrl meta numpad9" />
  </action>
  <action id="GotoNextError">
    <keyboard-shortcut first-keystroke="f2" />
    <keyboard-shortcut first-keystroke="meta delete" />
  </action>
  <action id="GotoPreviousError">
    <keyboard-shortcut first-keystroke="shift f2" />
    <keyboard-shortcut first-keystroke="shift meta delete" />
  </action>
  <action id="InsertLiveTemplate">
    <keyboard-shortcut first-keystroke="meta j" />
    <keyboard-shortcut first-keystroke="shift ctrl enter" />
  </action>
  <action id="KotlinShellExecute" />
  <action id="NextSplitter">
    <keyboard-shortcut first-keystroke="alt tab" />
    <keyboard-shortcut first-keystroke="meta alt numpad3" />
  </action>
  <action id="NextTab">
    <keyboard-shortcut first-keystroke="shift meta close_bracket" />
    <keyboard-shortcut first-keystroke="ctrl right" />
    <keyboard-shortcut first-keystroke="ctrl meta alt page_up" />
  </action>
  <action id="PrevSplitter">
    <keyboard-shortcut first-keystroke="shift alt tab" />
    <keyboard-shortcut first-keystroke="meta alt numpad9" />
  </action>
  <action id="PreviousTab">
    <keyboard-shortcut first-keystroke="shift meta open_bracket" />
    <keyboard-shortcut first-keystroke="ctrl left" />
    <keyboard-shortcut first-keystroke="ctrl meta alt page_down" />
  </action>
  <action id="QuickList.test">
    <keyboard-shortcut first-keystroke="shift ctrl meta alt numpad5" />
  </action>
  <action id="SafeDelete" />
  <action id="SaveAsTemplate">
    <keyboard-shortcut first-keystroke="shift meta s" />
  </action>
  <action id="SelectNextOccurrence">
    <keyboard-shortcut first-keystroke="ctrl g" />
    <keyboard-shortcut first-keystroke="shift ctrl meta alt right" />
  </action>
  <action id="ShowBookmarks">
    <keyboard-shortcut first-keystroke="meta f3" />
    <keyboard-shortcut first-keystroke="shift ctrl meta alt enter" />
  </action>
  <action id="SplitChooser.Duplicate" />
  <action id="SplitVertically">
    <keyboard-shortcut first-keystroke="meta alt numpad6" />
  </action>
  <action id="Stop">
    <keyboard-shortcut first-keystroke="meta f2" />
    <keyboard-shortcut first-keystroke="meta escape" />
  </action>
  <action id="TW.ViewModeGroup">
    <keyboard-shortcut first-keystroke="ctrl meta alt v" />
  </action>
  <action id="Terminal.SmartCommandExecution.Run" />
  <action id="ToggleBookmark">
    <keyboard-shortcut first-keystroke="f3" />
    <keyboard-shortcut first-keystroke="shift ctrl meta enter" />
  </action>
  <action id="ToggleBookmarkWithMnemonic">
    <keyboard-shortcut first-keystroke="alt f3" />
    <keyboard-shortcut first-keystroke="ctrl meta alt enter" />
  </action>
  <action id="TogglePresentationMode">
    <keyboard-shortcut first-keystroke="ctrl meta alt p" />
  </action>
  <action id="ToggleZenMode">
    <keyboard-shortcut first-keystroke="ctrl meta alt z" />
  </action>
  <action id="Unscramble">
    <keyboard-shortcut first-keystroke="ctrl meta alt a" />
  </action>
  <action id="UnselectPreviousOccurrence">
    <keyboard-shortcut first-keystroke="shift ctrl g" />
    <keyboard-shortcut first-keystroke="shift ctrl meta alt left" />
  </action>
  <action id="Unsplit">
    <keyboard-shortcut first-keystroke="meta alt numpad4" />
  </action>
  <action id="Unwrap" />
  <action id="VcsShowNextChangeMarker">
    <keyboard-shortcut first-keystroke="shift ctrl alt down" />
    <keyboard-shortcut first-keystroke="ctrl meta alt numpad6" />
  </action>
  <action id="VcsShowPrevChangeMarker">
    <keyboard-shortcut first-keystroke="shift ctrl alt up" />
    <keyboard-shortcut first-keystroke="ctrl meta alt numpad4" />
  </action>
  <action id="ViewSource" />
  <action id="android.deploy.ApplyChanges">
    <keyboard-shortcut first-keystroke="ctrl meta e" />
  </action>
  <action id="android.deploy.CodeSwap">
    <keyboard-shortcut first-keystroke="shift ctrl meta e" />
  </action>
  <action id="com.developerphil.adbidea.action.ClearDataAndRestartAction">
    <keyboard-shortcut first-keystroke="meta alt back_space" />
  </action>
  <action id="com.developerphil.adbidea.action.ClearDataAndRestartWithDebuggerAction">
    <keyboard-shortcut first-keystroke="ctrl meta alt back_space" />
  </action>
  <action id="com.developerphil.adbidea.action.UninstallAction">
    <keyboard-shortcut first-keystroke="shift ctrl meta alt back_space" />
  </action>
</keymap>