<application>
  <component name="ExportableFileTemplateSettings">
    <default_templates>
      <template name="Custom View.kt" file-name="${NAME}_view/#parse(&quot;FeatureToCamelCase.kt&quot;)View" reformat="true" live-template-enabled="false">
        <template name="Custom View.kt.child.0.kt" file-name="${NAME}_view/#parse(&quot;FeatureToCamelCase.kt&quot;)ViewContract" reformat="true" live-template-enabled="false" />
        <template name="Custom View.kt.child.1.xml" file-name="#parse(&quot;ResPath.kt&quot;)${NAME}_view/layout/${NAME}$_view" reformat="true" live-template-enabled="false" />
        <template name="Custom View.kt.child.2.kt" file-name="${NAME}_view/#parse(&quot;FeatureToCamelCase.kt&quot;)Presenter" reformat="true" live-template-enabled="false" />
      </template>
      <template name="Custom View.kt.child.0.kt" file-name="${NAME}_view/#parse(&quot;FeatureToCamelCase.kt&quot;)ViewContract" reformat="true" live-template-enabled="false" />
      <template name="Custom View.kt.child.1.xml" file-name="#parse(&quot;ResPath.kt&quot;)${NAME}_view/layout/${NAME}$_view" reformat="true" live-template-enabled="false" />
      <template name="Custom View.kt.child.2.kt" file-name="${NAME}_view/#parse(&quot;FeatureToCamelCase.kt&quot;)Presenter" reformat="true" live-template-enabled="false" />
    </default_templates>
  </component>
</application>