<application>
  <component name="ExportableFileTemplateSettings">
    <default_templates>
      <template name="AdapterDelegate.kt" file-name="${NAME}ViewAdapterDelegate" reformat="true" live-template-enabled="false" />
      <template name="Base Layout.xml" file-name="${NAME}/layout/${NAME}" reformat="true" live-template-enabled="false" />
      <template name="Custom View.kt" file-name="${NAME}_view/#parse(&quot;FeatureToCamelCase.kt&quot;)View" reformat="true" live-template-enabled="false">
        <template name="Custom View.kt.child.0.kt" file-name="${NAME}_view/#parse(&quot;FeatureToCamelCase.kt&quot;)ViewContract" reformat="true" live-template-enabled="false" />
        <template name="Custom View.kt.child.1.xml" file-name="#parse(&quot;ResPath.kt&quot;)${NAME}_view/layout/${NAME}_view" reformat="true" live-template-enabled="false" />
        <template name="Custom View.kt.child.2.kt" file-name="${NAME}_view/#parse(&quot;FeatureToCamelCase.kt&quot;)Presenter" reformat="true" live-template-enabled="false" />
      </template>
      <template name="Custom View.kt.child.0.kt" file-name="${NAME}_view/#parse(&quot;FeatureToCamelCase.kt&quot;)ViewContract" reformat="true" live-template-enabled="false" />
      <template name="Custom View.kt.child.1.xml" file-name="#parse(&quot;ResPath.kt&quot;)${NAME}_view/layout/${NAME}_view" reformat="true" live-template-enabled="false" />
      <template name="Custom View.kt.child.2.kt" file-name="${NAME}_view/#parse(&quot;FeatureToCamelCase.kt&quot;)Presenter" reformat="true" live-template-enabled="false" />
      <template name="MockSharedPreferences.kt" file-name="HashMapSharedPreferences" reformat="true" live-template-enabled="false" />
      <template name="test.kt" reformat="true" live-template-enabled="true" />
    </default_templates>
  </component>
</application>